{
  "8f273220d596f00e4c58b42b4c92896ab0987ef3.png": {
    "title": "R8dc1a038502a2027c6c4cc16a972810d.png",
    "description": "brushing teeth",
    "tags": []
  },
  "ced7e18b8ad5d87689c8c12e19e0b69c7f022728.jpg": {
    "title": "squirrel.jpg",
    "description": "squirrel",
    "tags": []
  },
  "ba2566812483490a807a1d9ccc55c11367d47a93.jpg": {
    "title": "jonas-kakaroto-Fs8ZFfVh-cg-unsplash.jpg",
    "description": "confident",
    "tags": [
      {
        "title": "#confident",
        "_id": "60f6f1934e98473e7dc5a10a"
      }
    ]
  },
  "f855a57fcaf12401fea9726d8390419bdea77b1d.png": {
    "title": "pin.png",
    "description": "pin\n",
    "tags": []
  },
  "191101c67f6ff2aab52bdd75e6c20a0a9445cd5b.jpg": {
    "title": "signpost.jpg",
    "description": "signpost",
    "tags": []
  },
  "4ef0b728aa1183666b316dbab29c8526725478d6.jfif": {
    "title": "corgi",
    "description": "corgi",
    "tags": []
  },
  "ff838d9e33153c0d446b0d8ed6ae3163ca7c362f.jpg": {
    "title": "berger_picard",
    "description": "Dog",
    "tags": []
  },
  "2e8f617b204e6f5bad882a7795d58b760f0b6393.jpg": {
    "title": "rough_collie",
    "description": "Rough Collie",
    "tags": []
  },
  "95632a647633cd8021d3a72595697e3e29b11356.jpg": {
    "title": "chowchow.jpg",
    "description": "chowchow",
    "tags": []
  },
  "2bf7ece6c94e6b0614045fd18a288921078bc1cb.jpg": {
    "title": "Kookie.jpg",
    "description": "hamster",
    "tags": []
  },
  "3f230f0d6adca9369af167d3bfed8928d3696afd.png": {
    "title": "AF_brain.png",
    "description": "analysis function professions",
    "tags": []
  },
  "f11392248db17dac0f281fe9e178e9bc414110f2.png": {
    "title": "confidential.png",
    "description": "confidentiality",
    "tags": [
      {
        "title": "#confidentiality",
        "_id": "610bd2ff4e98473e7dc5a371"
      }
    ]
  },
  "c5226aaa353a8a8a82964d793d62a4080fc9041c.png": {
    "title": "non_cherry_picked.png",
    "description": "full data points",
    "tags": []
  },
  "c33fb2a09ddde87b3886dade305112a55e1bcedf.svg": {
    "title": "Logo blue.svg",
    "description": "twitter_logo",
    "tags": [
      {
        "title": "analytical_team",
        "_id": "6086efc64e98473e7dc59e93"
      }
    ]
  },
  "be41ffe28f65bc3dc65e4d3d285aa4b57c493c5b.mp3": {
    "title": "Mentoring_Goldilocks_Exercise-2.mp3",
    "description": "active listening audio",
    "tags": [
      {
        "title": "#activelistening",
        "_id": "611b5e004e98473e7dc5a553"
      },
      {
        "title": "Goldilocks",
        "_id": "611b5e0c4e98473e7dc5a554"
      }
    ]
  },
  "f44e0e0df60400857e84bd1a5f9a02303fa21ca2.png": {
    "title": "AF logo_3_16ths.png",
    "description": "3 16ths size analysis function logo",
    "tags": [
      {
        "title": "analytical_team",
        "_id": "6086efc64e98473e7dc59e93"
      }
    ]
  },
  "5f7f44aadca3fdf4a0b183b0ec53f9c9979980e7.png": {
    "title": "mis_pie_chart.png",
    "description": "misleading pie chart due to angle distorting size",
    "tags": [
      {
        "title": "analysis",
        "_id": "61386b844e98473e7dc5a83e"
      },
      {
        "title": "analysis101",
        "_id": "61386b884e98473e7dc5a83f"
      }
    ]
  },
  "7ef66004d5732a8fef2d00ab3b943c04e1835a85.jpg": {
    "title": "boxed-water-is-better-tkJnOS-jNGE-unsplash.jpg",
    "description": "wellbeing",
    "tags": [
      {
        "title": "wellbeing",
        "_id": "618b8eb64e98473e7dc5a9e8"
      }
    ]
  },
  "30ffd0d93600caabc8d8fb129e5f7d64a3e388a8.jpg": {
    "title": "scales of justice.jpg1.jpg",
    "description": "scales",
    "tags": []
  },
  "a8550c5d0f3abaa77da854571f79bed2aa3f0839.webp": {
    "title": "RE_Earth-day-blog-header-image.webp",
    "description": "sustainable",
    "tags": []
  }
}